City_ID,City,Country,Date,Lat,Lng,Max Temp,Humidity,Cloudiness,Wind Speed
0,Hobart,AU,2022-03-06 23:38:02,-42.8794,147.3294,65.26,57,75,8.05
1,Torbay,CA,2022-03-06 23:35:30,47.6666,-52.7314,24.76,68,40,9.22
2,Mudgee,AU,2022-03-06 23:39:11,-32.5943,149.5871,73.45,83,75,9.22
3,Provideniya,RU,2022-03-06 23:39:11,64.3833,-173.3,13.78,93,100,15.95
4,Leshukonskoye,RU,2022-03-06 23:39:11,64.8989,45.7622,-16.62,100,60,3.71
5,Port Alfred,ZA,2022-03-06 23:36:19,-33.5906,26.891,76.89,71,100,7.56
6,Victoria,HK,2022-03-06 23:35:22,22.2855,114.1577,66.94,93,100,1.01
7,Paamiut,GL,2022-03-06 23:39:12,61.994,-49.6678,19.62,94,100,4.03
8,Auki,SB,2022-03-06 23:39:13,-8.7676,160.7034,86.97,57,69,2.62
9,Vardo,NO,2022-03-06 23:39:13,70.3705,31.1107,8.8,63,88,12.88
10,Barrow,US,2022-03-06 23:39:13,71.2906,-156.7887,8.62,72,100,12.66
11,Nikel,RU,2022-03-06 23:39:14,69.4128,30.222,3.38,100,34,3.89
12,Bentiu,SS,2022-03-06 23:39:14,9.2333,29.8333,85.12,20,37,3.98
13,Carnarvon,AU,2022-03-06 23:39:14,-24.8667,113.6333,71.67,64,0,6.91
14,Hermanus,ZA,2022-03-06 23:39:15,-34.4187,19.2345,70.81,87,67,4.21
15,Korla,CN,2022-03-06 23:39:15,41.7597,86.1469,41.67,35,99,4.97
16,Lahat,ID,2022-03-06 23:39:16,-3.8,103.5333,73.45,84,94,1.7
17,Saskylakh,RU,2022-03-06 23:39:16,71.9167,114.0833,-11.06,99,99,0.98
18,Airai,TL,2022-03-06 23:39:17,-8.9266,125.4092,67.8,70,99,1.72
19,Muhos,FI,2022-03-06 23:39:17,64.808,25.9931,17.38,97,26,3.69
20,Chuy,UY,2022-03-06 23:39:17,-33.6971,-53.4616,70.84,89,100,9.44
21,Vaini,TO,2022-03-06 23:39:18,-21.2,-175.2,84.36,79,75,11.5
22,Chapais,CA,2022-03-06 23:39:18,49.7834,-74.8492,20.98,94,100,6.24
23,Avarua,CK,2022-03-06 23:39:18,-21.2078,-159.775,82.45,83,20,12.66
24,Tuktoyaktuk,CA,2022-03-06 23:39:19,69.4541,-133.0374,8.6,85,75,11.5
25,Guerrero Negro,MX,2022-03-06 23:39:19,27.9769,-114.0611,61.03,52,9,21.74
26,Vila Velha,BR,2022-03-06 23:34:51,-20.3297,-40.2925,80.55,74,40,6.91
27,Hobyo,SO,2022-03-06 23:39:20,5.3505,48.5268,77.25,69,90,14.25
28,Punta Arenas,CL,2022-03-06 23:39:20,-53.15,-70.9167,48.31,66,40,8.05
29,Saint-Augustin,CA,2022-03-06 23:39:20,51.226,-58.6502,4.59,96,100,2.57
30,Tokur,RU,2022-03-06 23:39:20,53.1333,132.9,5.04,95,100,3.22
31,Oranjemund,NA,2022-03-06 23:39:21,-28.55,16.4333,65.88,95,41,8.63
32,Chaibasa,IN,2022-03-06 23:39:21,22.5667,85.8167,65.32,31,0,2.15
33,Souillac,MU,2022-03-06 23:39:22,-20.5167,57.5167,79.36,89,75,14.97
34,Ushuaia,AR,2022-03-06 23:34:30,-54.8,-68.3,42.42,87,75,4.61
35,Bako,ET,2022-03-06 23:39:22,5.7833,36.5667,72.28,36,99,2.91
36,Bluff,NZ,2022-03-06 23:39:22,-46.6,168.3333,53.8,62,98,16.13
37,Kanuma,JP,2022-03-06 23:39:23,36.55,139.7333,43.52,32,2,3.78
38,Nouadhibou,MR,2022-03-06 23:39:23,20.931,-17.0347,64.38,68,0,24.16
39,Pacific Grove,US,2022-03-06 23:39:24,36.6177,-121.9166,64.38,76,75,9.22
40,Rikitea,PF,2022-03-06 23:39:24,-23.1203,-134.9692,79.54,76,100,17.54
41,Grimsby,GB,2022-03-06 23:39:24,53.5654,-0.0755,37.98,93,11,0.0
42,Kapaa,US,2022-03-06 23:39:25,22.0752,-159.319,79.12,61,0,12.66
43,Mackay,AU,2022-03-06 23:38:39,-21.15,149.2,91.69,70,40,10.36
44,Albany,US,2022-03-06 23:36:03,42.6001,-73.9662,63.41,70,75,15.66
45,Divnoye,RU,2022-03-06 23:39:25,45.9089,43.3547,28.06,75,7,1.34
46,Pangnirtung,CA,2022-03-06 23:39:25,66.1451,-65.7125,-16.98,99,99,2.59
47,Mataura,NZ,2022-03-06 23:40:26,-46.1927,168.8643,54.48,92,100,6.67
48,Hilo,US,2022-03-06 23:37:41,19.7297,-155.09,80.33,69,75,9.22
49,Cape Town,ZA,2022-03-06 23:39:02,-33.9258,18.4232,71.1,90,75,16.11
50,Tomatlan,MX,2022-03-06 23:40:26,19.9333,-105.25,82.45,34,0,6.46
51,Busselton,AU,2022-03-06 23:40:26,-33.65,115.3333,69.04,76,4,17.29
52,Jamestown,US,2022-03-06 23:40:27,42.097,-79.2353,53.24,38,0,20.71
53,Vanimo,PG,2022-03-06 23:40:27,-2.6741,141.3028,82.99,74,75,2.75
54,Umm Kaddadah,SD,2022-03-06 23:40:28,13.6017,26.6876,75.36,11,12,12.57
55,Butaritari,KI,2022-03-06 23:40:28,3.0707,172.7902,81.57,77,21,17.18
56,Kodiak,US,2022-03-06 23:40:28,57.79,-152.4072,44.11,36,0,9.22
57,Basco,PH,2022-03-06 23:40:29,20.4487,121.9702,75.16,83,13,6.6
58,Tasiilaq,GL,2022-03-06 23:40:29,65.6145,-37.6368,24.96,95,98,4.7
59,Hithadhoo,MV,2022-03-06 23:40:29,-0.6,73.0833,82.2,70,24,8.84
60,Dikson,RU,2022-03-06 23:40:29,73.5069,80.5464,-12.68,99,96,6.98
61,Castro,BR,2022-03-06 23:40:30,-24.7911,-50.0119,65.19,89,26,2.8
62,Yulara,AU,2022-03-06 23:40:30,-25.2406,130.9889,76.84,38,40,13.8
63,Melfi,IT,2022-03-06 23:40:30,40.9965,15.6514,32.29,87,78,2.53
64,Amapa,BR,2022-03-06 23:40:31,1.0,-52.0,70.09,100,100,3.36
65,Rio Grande,BR,2022-03-06 23:40:31,-32.035,-52.0986,75.94,85,99,6.2
66,Bengkulu,ID,2022-03-06 23:40:31,-3.8004,102.2655,76.15,82,98,3.27
67,Nishihara,JP,2022-03-06 23:40:31,26.1842,127.7558,61.88,72,100,11.5
68,Shache,CN,2022-03-06 23:40:32,38.4167,77.2406,44.49,31,71,5.99
69,Caconda,AO,2022-03-06 23:40:32,-13.7333,15.0667,63.32,89,100,3.36
70,Flinders,AU,2022-03-06 23:40:33,-34.5833,150.8552,75.2,96,99,3.0
71,Kargasok,RU,2022-03-06 23:40:33,59.0556,80.8572,18.3,96,100,7.83
72,Constitucion,CL,2022-03-06 23:40:33,-35.3333,-72.4167,57.4,89,2,4.68
73,Puerto Ayora,EC,2022-03-06 23:40:34,-0.7393,-90.3518,78.39,80,64,2.1
74,Aden,YE,2022-03-06 23:40:34,12.7794,45.0367,76.98,60,45,15.26
75,Bredasdorp,ZA,2022-03-06 23:40:34,-34.5322,20.0403,70.29,78,11,9.22
76,Leningradskiy,RU,2022-03-06 23:40:35,69.3833,178.4167,-15.57,95,64,7.09
77,Marsala,IT,2022-03-06 23:40:35,37.7966,12.4352,46.94,93,40,3.44
78,Saint George,US,2022-03-06 23:40:25,37.1041,-113.5841,53.64,36,100,9.22
79,Kamsack,CA,2022-03-06 23:40:36,51.5667,-101.9009,21.65,94,96,10.09
80,Nakamura,JP,2022-03-06 23:40:36,32.9833,132.9333,44.73,39,100,1.05
81,Nikolskoye,RU,2022-03-06 23:40:36,59.7035,30.7861,31.71,97,94,3.96
82,Evensk,RU,2022-03-06 23:40:37,61.95,159.2333,6.42,79,89,9.46
83,Longyearbyen,SJ,2022-03-06 23:40:37,78.2186,15.6401,30.04,59,75,11.5
84,Arraial Do Cabo,BR,2022-03-06 23:40:37,-22.9661,-42.0278,78.66,78,0,17.27
85,Bonoua,CI,2022-03-06 23:40:38,5.2741,-3.595,78.42,87,52,3.0
86,Mahebourg,MU,2022-03-06 23:40:38,-20.4081,57.7,79.25,89,75,14.97
87,Avera,US,2022-03-06 23:40:39,33.194,-82.5271,80.47,54,1,4.81
88,Karauli,IN,2022-03-06 23:40:39,26.5,77.0167,66.52,35,100,8.05
89,Vardenis,AM,2022-03-06 23:40:39,40.1827,45.7311,14.85,75,41,3.62
90,Narsaq,GL,2022-03-06 23:40:40,60.9167,-46.05,19.62,97,100,4.54
91,Norman Wells,CA,2022-03-06 23:40:40,65.282,-126.8329,24.84,86,100,24.16
92,Shimoda,JP,2022-03-06 23:41:40,34.6667,138.95,50.11,47,75,5.23
93,Calvinia,ZA,2022-03-06 23:41:41,-31.4707,19.776,70.3,54,99,3.69
94,Arlit,NE,2022-03-06 23:41:41,18.7369,7.3853,79.92,14,63,3.56
95,Xichang,CN,2022-03-06 23:41:41,27.8964,102.2634,46.11,73,0,1.68
96,Komatipoort,ZA,2022-03-06 23:41:42,-25.4332,31.9548,75.06,95,15,1.97
97,Thompson,CA,2022-03-06 23:37:06,55.7435,-97.8558,21.36,68,75,6.91
98,Saint-Philippe,RE,2022-03-06 23:41:42,-21.3585,55.7679,76.59,87,100,16.75
99,Sola,VU,2022-03-06 23:41:43,-13.8833,167.55,83.37,70,48,4.43
100,Kamenka,RU,2022-03-06 23:41:43,51.3223,42.7678,16.75,98,97,8.34
101,Yellowknife,CA,2022-03-06 23:41:02,62.456,-114.3525,18.41,95,100,11.5
102,Anadyr,RU,2022-03-06 23:41:43,64.75,177.4833,19.9,92,100,38.03
103,Klaksvik,FO,2022-03-06 23:41:44,62.2266,-6.589,45.52,93,100,24.83
104,Havoysund,NO,2022-03-06 23:41:44,70.9963,24.6622,27.48,84,74,14.07
105,Hienghene,NC,2022-03-06 23:41:44,-20.6833,164.9333,85.15,49,46,3.53
106,Santa Marta,CO,2022-03-06 23:38:05,11.2408,-74.199,87.85,55,75,11.5
107,Bilma,NE,2022-03-06 23:41:45,18.6853,12.9164,82.81,11,27,6.62
108,Sioux Lookout,CA,2022-03-06 23:41:45,50.1001,-91.917,23.38,80,100,10.36
109,Hasaki,JP,2022-03-06 23:41:45,35.7333,140.8333,45.28,39,4,9.15
110,East London,ZA,2022-03-06 23:39:16,-33.0153,27.9116,74.84,76,100,11.12
111,Baruun-Urt,MN,2022-03-06 23:41:46,46.6806,113.2792,15.22,70,10,9.86
112,Nanortalik,GL,2022-03-06 23:41:46,60.1432,-45.2371,22.8,88,100,10.29
113,Solnechnyy,RU,2022-03-06 23:41:47,50.7214,136.6319,18.5,91,95,2.3
114,Bambous Virieux,MU,2022-03-06 23:41:47,-20.3428,57.7575,79.21,89,75,14.97
115,Pasighat,IN,2022-03-06 23:41:47,28.0667,95.3333,62.4,45,0,4.38
116,Pochutla,MX,2022-03-06 23:41:48,15.7432,-96.4661,89.42,53,1,8.08
117,Asfi,MA,2022-03-06 23:41:48,32.2994,-9.2372,54.7,73,3,7.78
118,Wynyard,AU,2022-03-06 23:41:49,-41.0,145.7167,63.95,60,51,8.97
119,Georgetown,MY,2022-03-06 23:41:17,5.4112,100.3354,78.73,98,20,3.44
120,Mar Del Plata,AR,2022-03-06 23:41:49,-38.0023,-57.5575,67.08,89,75,13.0
121,Raudeberg,NO,2022-03-06 23:41:49,61.9875,5.1352,40.87,80,100,21.25
122,Severo-Kurilsk,RU,2022-03-06 23:41:50,50.6789,156.125,29.5,84,100,26.66
123,Dhupgari,IN,2022-03-06 23:41:50,26.5858,89.0145,66.52,41,0,2.8
124,Vysokogornyy,RU,2022-03-06 23:41:51,50.1167,139.15,15.55,90,100,4.05
125,Adrar,MR,2022-03-06 23:41:51,20.5022,-10.0711,62.82,17,0,11.14
126,Gondanglegi,ID,2022-03-06 23:41:51,-7.7479,112.0132,77.56,90,100,8.28
127,Manado,ID,2022-03-06 23:41:51,1.487,124.8455,79.57,89,20,2.3
128,George,ZA,2022-03-06 23:41:52,-33.963,22.4617,70.47,67,100,3.38
129,Khatanga,RU,2022-03-06 23:41:52,71.9667,102.5,-14.42,98,100,2.84
130,Lavrentiya,RU,2022-03-06 23:41:52,65.5833,-171.0,10.65,89,100,10.29
131,Port Elizabeth,ZA,2022-03-06 23:41:53,-33.918,25.5701,75.09,83,0,3.44
132,Atuona,PF,2022-03-06 23:41:53,-9.8,-139.0333,78.6,76,84,11.07
133,Port Lincoln,AU,2022-03-06 23:41:53,-34.7333,135.8667,64.53,69,96,14.99
134,Dingle,PH,2022-03-06 23:41:54,10.9995,122.6711,76.37,88,100,6.85
135,Pastos Bons,BR,2022-03-06 23:41:54,-6.6017,-44.0767,73.26,95,99,1.25
136,Sitka,US,2022-03-06 23:42:55,57.0531,-135.33,42.69,75,100,6.91
137,Vrsac,RS,2022-03-06 23:42:55,45.1167,21.3036,35.42,80,0,0.0
138,Catalao,BR,2022-03-06 23:42:55,-18.1658,-47.9464,68.09,75,5,3.09
139,Marsa Matruh,EG,2022-03-06 23:42:43,31.3525,27.2453,57.4,82,40,4.61
140,Cidreira,BR,2022-03-06 23:42:56,-30.1811,-50.2056,73.99,96,100,3.18
141,Kununurra,AU,2022-03-06 23:42:56,-15.7667,128.7333,82.38,89,100,4.61
142,Meulaboh,ID,2022-03-06 23:42:56,4.1363,96.1285,75.31,87,91,4.34
143,Yerbogachen,RU,2022-03-06 23:42:56,61.2767,108.0108,-25.78,100,100,1.39
144,Luderitz,NA,2022-03-06 23:42:57,-26.6481,15.1594,67.77,86,8,11.72
145,Cockburn Town,TC,2022-03-06 23:42:57,21.4612,-71.1419,77.04,79,2,26.15
146,Fonte Boa,BR,2022-03-06 23:42:57,-2.4959,-66.2662,74.12,92,94,3.02
147,Baykit,RU,2022-03-06 23:42:58,61.67,96.37,-2.74,99,100,3.94
148,Egvekinot,RU,2022-03-06 23:42:58,66.3167,-179.1667,12.65,94,100,10.85
149,Sorland,NO,2022-03-06 23:42:59,67.667,12.6934,37.42,97,99,22.01
150,San Policarpo,PH,2022-03-06 23:42:59,12.1791,125.5072,78.96,88,100,8.97
151,Bukachacha,RU,2022-03-06 23:42:59,52.9833,116.9167,5.52,99,100,1.07
152,Faya,SA,2022-03-06 23:43:00,18.3851,42.4509,57.31,66,8,3.8
153,Sechura,PE,2022-03-06 23:43:00,-5.5569,-80.8222,74.89,73,96,10.49
154,Codrington,AU,2022-03-06 23:43:01,-38.2667,141.9667,65.86,65,12,8.52
155,Lorengau,PG,2022-03-06 23:43:01,-2.0226,147.2712,82.18,76,99,7.05
156,Ponta Do Sol,PT,2022-03-06 23:43:01,32.6667,-17.1,61.05,72,27,2.44
157,Gagra,GE,2022-03-06 23:43:02,43.3283,40.2239,32.92,69,8,5.77
158,Esperance,AU,2022-03-06 23:43:02,-33.8667,121.9,64.24,76,14,10.4
159,Vila Franca Do Campo,PT,2022-03-06 23:43:02,37.7167,-25.4333,62.2,88,83,17.0
160,Port Hardy,CA,2022-03-06 23:43:03,50.6996,-127.4199,48.38,76,75,13.8
161,Gavrilov Posad,RU,2022-03-06 23:43:03,56.5597,40.1175,24.96,92,99,10.31
162,Pevek,RU,2022-03-06 23:43:03,69.7008,170.3133,-21.14,95,35,1.92
163,Maine-Soroa,NE,2022-03-06 23:43:04,13.2114,12.0241,85.53,9,86,6.96
164,Bereda,ES,2022-03-06 23:43:04,43.2686,-7.5406,37.15,100,38,1.86
165,Trincomalee,LK,2022-03-06 23:43:04,8.5711,81.2335,77.56,85,39,1.86
166,Mumford,GH,2022-03-06 23:43:05,5.2618,-0.759,79.52,90,20,6.42
167,Chhatapur,IN,2022-03-06 23:43:05,26.2167,87.0167,65.32,46,0,4.76
168,Nome,US,2022-03-06 23:43:05,64.5011,-165.4064,21.27,86,100,11.5
169,Tarquinia,IT,2022-03-06 23:43:06,42.2482,11.7553,39.63,67,16,8.16
170,Ribeira Grande,PT,2022-03-06 23:43:06,38.5167,-28.7,56.95,78,95,39.15
171,Fare,PF,2022-03-06 23:43:06,-16.7,-151.0167,81.21,73,36,12.21
172,Fortuna,US,2022-03-06 23:43:07,40.5982,-124.1573,63.48,71,0,13.8
173,Puerto Ayacucho,VE,2022-03-06 23:43:07,5.6639,-67.6236,89.38,50,83,13.09
174,Lobito,AO,2022-03-06 23:43:07,-12.3481,13.5456,78.21,79,99,4.92
175,Vostok,RU,2022-03-06 23:43:08,46.4856,135.8833,16.86,90,96,3.31
176,Portland,US,2022-03-06 23:42:00,45.5234,-122.6762,56.61,67,20,4.0
177,Black Diamond,US,2022-03-06 23:43:08,47.3087,-122.0032,52.83,68,26,3.0
178,Sterling,US,2022-03-06 23:38:20,39.0062,-77.4286,75.06,60,100,9.22
179,Cesis,LV,2022-03-06 23:43:09,57.3119,25.2746,31.73,97,48,7.61
180,Polunochnoye,RU,2022-03-06 23:43:09,60.8697,60.4153,-9.94,95,100,9.64
181,Hanzhong,CN,2022-03-06 23:44:09,33.0728,107.0303,45.57,82,0,2.37
182,Pyatnitskoye,RU,2022-03-06 23:44:10,50.4233,37.8273,16.93,93,17,5.48
183,Whitehorse,CA,2022-03-06 23:44:10,60.7161,-135.0538,35.1,54,100,16.11
184,Livingstonia,MW,2022-03-06 23:44:10,-10.606,34.1063,64.58,90,100,1.99
185,Namibe,AO,2022-03-06 23:44:11,-15.1961,12.1522,70.74,71,91,7.81
186,Umm Lajj,SA,2022-03-06 23:44:11,25.0213,37.2685,74.77,59,12,8.88
187,Sawtell,AU,2022-03-06 23:44:11,-30.3833,153.1,68.32,94,100,9.22
188,Sao Joao Da Barra,BR,2022-03-06 23:44:12,-21.6403,-41.0511,77.68,85,1,12.44
189,Catamarca,AR,2022-03-06 23:44:12,-28.4696,-65.7852,77.77,70,33,5.01
190,Kibala,TD,2022-03-06 23:44:12,9.1104,18.3463,80.55,50,0,0.0
191,Pisco,PE,2022-03-06 23:44:13,-13.7,-76.2167,73.45,83,75,5.75
192,Vallenar,CL,2022-03-06 23:44:13,-28.5708,-70.7581,75.38,46,0,3.29
193,Bang Saphan,TH,2022-03-06 23:44:13,11.2126,99.5117,76.95,91,15,2.39
194,Qaanaaq,GL,2022-03-06 23:44:14,77.484,-69.3632,1.87,57,0,5.84
195,Chipinge,ZW,2022-03-06 23:44:14,-20.1883,32.6236,63.37,98,27,5.28
196,Banon,ES,2022-03-06 23:44:14,40.8382,-1.1909,42.06,93,75,6.91
197,Yelizovo,RU,2022-03-06 23:44:15,53.1873,158.3805,24.94,73,75,4.0
198,Takoradi,GH,2022-03-06 23:44:15,4.8845,-1.7554,79.75,87,3,5.5
199,Boyany,UA,2022-03-06 23:44:16,48.2708,26.1262,34.93,83,29,0.29
200,Roald,NO,2022-03-06 23:44:16,62.5833,6.1333,42.94,75,100,19.57
201,Oktyabrskoye,RU,2022-03-06 23:44:16,43.0645,44.7417,21.34,92,27,6.71
202,Tura,IN,2022-03-06 23:44:16,25.5198,90.2201,63.18,39,0,4.07
203,Itarema,BR,2022-03-06 23:44:17,-2.9248,-39.9167,77.47,87,84,8.37
204,Kavieng,PG,2022-03-06 23:44:17,-2.5744,150.7967,80.67,76,98,1.52
205,Komsomolskiy,UZ,2022-03-06 23:44:17,40.4272,71.7189,47.12,76,75,25.32
206,Bubaque,GW,2022-03-06 23:44:18,11.2833,-15.8333,75.85,70,67,18.1
207,Srednekolymsk,RU,2022-03-06 23:44:18,67.45,153.6833,-21.77,97,95,6.62
208,Vanavara,RU,2022-03-06 23:44:18,60.34,102.2797,-1.95,97,100,4.47
209,Olafsvik,IS,2022-03-06 23:44:19,64.8945,-23.7142,34.77,64,94,23.69
210,Kieta,PG,2022-03-06 23:44:19,-6.2167,155.6333,86.59,66,91,5.14
211,Hofn,IS,2022-03-06 23:44:19,64.2539,-15.2082,33.19,54,50,5.61
212,Geraldton,AU,2022-03-06 23:44:20,-28.7667,114.6,77.41,31,74,10.36
213,Port-Gentil,GA,2022-03-06 23:44:20,-0.7193,8.7815,80.56,89,20,5.75
214,Te Anau,NZ,2022-03-06 23:44:21,-45.4167,167.7167,49.62,97,100,1.74
215,Garachine,PA,2022-03-06 23:44:21,8.0647,-78.3628,78.51,84,80,2.91
216,Atikokan,CA,2022-03-06 23:44:22,48.7555,-91.6216,25.0,93,100,5.97
217,Kahului,US,2022-03-06 23:44:22,20.8947,-156.47,85.26,39,0,12.66
218,Naqadeh,IR,2022-03-06 23:44:23,36.9553,45.388,38.14,75,100,4.43
219,Bafoulabe,ML,2022-03-06 23:44:23,13.8065,-10.8321,82.69,14,43,5.88
220,Margate,GB,2022-03-06 23:44:23,51.3813,1.3862,42.91,66,24,5.99
221,Upernavik,GL,2022-03-06 23:44:24,72.7868,-56.1549,7.95,91,100,4.65
222,Saint-Georges,GD,2022-03-06 23:44:24,12.0564,-61.7485,78.48,78,20,9.22
223,Marzuq,YE,2022-03-06 23:44:24,14.4,46.4667,61.34,41,91,3.24
224,Scarborough,GB,2022-03-06 23:42:31,54.2797,-0.4044,37.9,88,12,1.34
225,Taybad,IR,2022-03-06 23:44:25,34.74,60.7756,53.31,36,77,3.74
226,Olinda,BR,2022-03-06 23:44:25,-8.0089,-34.8553,82.13,69,40,10.36
227,Say,NE,2022-03-06 23:44:26,13.1007,2.3689,88.36,12,53,9.93
228,Hamilton,US,2022-03-06 23:40:20,39.1834,-84.5333,66.15,86,100,4.61
229,Gladstone,AU,2022-03-06 23:45:26,-23.85,151.25,77.79,83,100,5.75
230,Kruisfontein,ZA,2022-03-06 23:45:26,-34.0033,24.7314,72.88,45,100,7.9
231,Kavaratti,IN,2022-03-06 23:45:27,10.5669,72.642,81.97,69,77,11.43
232,Anzhero-Sudzhensk,RU,2022-03-06 23:45:27,56.081,86.0285,33.46,97,100,17.29
233,Lerwick,GB,2022-03-06 23:45:27,60.1545,-1.1494,44.6,80,100,16.49
234,Petrovsk-Zabaykalskiy,RU,2022-03-06 23:45:28,51.273,108.843,11.1,97,100,2.01
235,San Patricio,US,2022-03-06 23:45:28,28.017,-97.5169,82.81,80,63,17.96
236,Buin,CL,2022-03-06 23:45:28,-33.7333,-70.75,75.52,47,66,4.99
237,Vestmannaeyjar,IS,2022-03-06 23:45:29,63.4427,-20.2734,38.93,62,94,17.29
238,Kontagora,NG,2022-03-06 23:45:29,10.3999,5.4695,84.25,46,71,3.44
239,Belmonte,BR,2022-03-06 23:45:30,-15.8631,-38.8828,81.1,83,67,8.08
240,Mujiayingzi,CN,2022-03-06 23:45:30,42.1167,118.7833,28.98,52,7,7.45
241,San Felipe,VE,2022-03-06 23:45:30,10.3399,-68.7425,69.71,94,70,5.17
242,Tibati,CM,2022-03-06 23:45:31,6.4667,12.6333,76.35,49,89,3.15
243,Biak,ID,2022-03-06 23:45:31,-0.9131,122.8766,77.09,87,98,5.68
244,Thames,NZ,2022-03-06 23:45:32,-37.1333,175.5333,77.4,50,71,2.86
245,Lagoa,PT,2022-03-06 23:45:32,39.05,-27.9833,57.45,77,98,35.81
246,Progreso,MX,2022-03-06 23:45:32,21.2833,-89.6667,78.87,77,78,15.46
247,Llanes,ES,2022-03-06 23:45:33,43.4198,-4.7549,44.28,75,37,4.88
248,Sovetskiy,RU,2022-03-06 23:45:33,61.3614,63.5842,-11.6,92,100,10.98
249,Dwarka,IN,2022-03-06 23:45:33,22.2394,68.9678,71.91,74,1,9.04
250,Wawa,NG,2022-03-06 23:45:34,9.9022,4.4192,85.84,54,97,5.39
251,Novyy Nekouz,RU,2022-03-06 23:45:34,57.9029,38.07,26.24,95,100,8.46
252,Nuuk,GL,2022-03-06 23:45:35,64.1835,-51.7216,20.01,93,100,5.75
253,Teaca,RO,2022-03-06 23:45:35,46.9167,24.5167,31.08,67,99,2.42
254,Paoua,CF,2022-03-06 23:45:35,7.2427,16.4406,79.59,41,88,2.33
255,Koroni,GR,2022-03-06 23:45:36,36.8,21.95,47.07,72,31,10.4
256,Faanui,PF,2022-03-06 23:45:36,-16.4833,-151.75,81.75,72,93,12.03
257,Dedenevo,RU,2022-03-06 23:45:36,56.25,37.5167,30.69,92,100,7.96
258,Bhopal,IN,2022-03-06 23:45:13,23.2667,77.4,67.64,21,17,6.67
259,Krasnorechenskiy,RU,2022-03-06 23:45:37,44.6265,135.3532,18.12,85,57,7.07
260,Nadym,RU,2022-03-06 23:45:37,65.5333,72.5167,-29.2,99,88,9.51
261,La Ronge,CA,2022-03-06 23:45:38,55.1001,-105.2842,25.05,68,100,8.05
262,Mondlo,ZA,2022-03-06 23:45:38,-27.983,30.7177,60.96,96,44,3.58
263,Dudinka,RU,2022-03-06 23:45:38,69.4058,86.1778,-39.01,100,49,3.62
264,Upala,CR,2022-03-06 23:45:39,10.8979,-85.0145,86.4,58,76,8.37
265,Lagos,NG,2022-03-06 23:41:56,6.5833,3.75,79.12,80,98,4.45
266,Haapiti,PF,2022-03-06 23:45:39,-17.5667,-149.8667,83.71,73,13,12.48
267,Erenhot,CN,2022-03-06 23:45:39,43.6475,111.9767,21.63,63,1,7.18
268,Lebu,CL,2022-03-06 23:45:40,-37.6167,-73.65,58.28,87,52,8.63
269,Coxim,BR,2022-03-06 23:45:40,-18.5067,-54.76,75.7,83,44,3.62
270,Tuatapere,NZ,2022-03-06 23:45:41,-46.1333,167.6833,54.82,73,100,7.27
271,Itoman,JP,2022-03-06 23:45:41,26.1247,127.6694,62.62,70,75,9.22
272,Cabo San Lucas,MX,2022-03-06 23:45:41,22.8909,-109.9124,78.62,65,0,10.36
273,Richards Bay,ZA,2022-03-06 23:46:42,-28.783,32.0377,71.35,95,4,6.26
274,Moussoro,TD,2022-03-06 23:46:42,13.6408,16.4901,89.42,14,40,6.04
275,Husavik,IS,2022-03-06 23:46:42,66.0449,-17.3389,33.71,78,5,15.14
276,Kermanshah,IR,2022-03-06 23:46:43,34.3142,47.065,40.35,88,100,7.29
277,Bethel,US,2022-03-06 23:46:43,41.3712,-73.414,66.29,79,0,9.22
278,Bharatpur,IN,2022-03-06 23:46:44,27.2167,77.4833,62.78,48,100,6.06
279,Ilo,PE,2022-03-06 23:46:44,-17.6394,-71.3375,72.16,84,48,7.27
280,Isangel,VU,2022-03-06 23:46:45,-19.55,169.2667,84.16,66,4,1.83
281,Kaitangata,NZ,2022-03-06 23:46:45,-46.2817,169.8464,52.48,71,100,9.53
282,Santa Rosa,PH,2022-03-06 23:43:33,14.3122,121.1114,79.02,71,100,6.73
283,Osmena,PH,2022-03-06 23:46:45,10.5208,119.9258,81.23,73,85,16.04
284,Bayan,CN,2022-03-06 23:46:46,46.0833,127.4,12.9,87,100,3.11
285,Doha,QA,2022-03-06 23:46:46,25.2867,51.5333,71.91,75,0,3.44
286,Rapid Valley,US,2022-03-06 23:46:46,44.0625,-103.1463,24.4,65,75,1.99
287,New Norfolk,AU,2022-03-06 23:46:47,-42.7826,147.0587,64.92,45,79,3.58
288,Vera Cruz,BR,2022-03-06 23:42:00,-12.6333,-41.0333,68.22,91,90,2.1
289,Karratha,AU,2022-03-06 23:46:47,-20.7377,116.8463,88.65,44,7,7.94
290,Tessaoua,NE,2022-03-06 23:46:47,13.7574,7.9874,83.84,9,79,1.68
291,Ileza,RU,2022-03-06 23:46:48,61.0533,43.9002,6.73,92,100,5.99
292,Kaoma,ZM,2022-03-06 23:46:49,-14.7833,24.8,64.81,97,100,5.46
293,Limbang,MY,2022-03-06 23:46:49,4.75,115.0,77.31,87,100,1.61
294,Dasoguz,TM,2022-03-06 23:46:50,41.8363,59.9666,39.31,81,100,6.91
295,Leonidovo,RU,2022-03-06 23:46:50,49.2833,142.8667,22.5,68,28,4.18
296,Sao Filipe,CV,2022-03-06 23:46:50,14.8961,-24.4956,71.31,69,83,12.33
297,Cherskiy,RU,2022-03-06 23:46:51,68.75,161.3,-21.35,96,47,1.28
298,Kamaishi,JP,2022-03-06 23:46:51,39.2667,141.8833,40.15,46,25,8.01
299,Kulachi,PK,2022-03-06 23:46:52,31.9286,70.4592,58.24,85,99,8.1
300,Muros,ES,2022-03-06 23:46:52,42.7762,-9.0603,45.09,81,2,9.95
301,Ayagoz,KZ,2022-03-06 23:46:52,47.9714,80.4392,26.69,94,99,4.79
302,Calvia,ES,2022-03-06 23:46:53,39.5657,2.5062,50.92,66,100,9.55
303,Soledar,UA,2022-03-06 23:46:53,48.6794,38.089,22.64,93,17,4.45
304,Ler,SS,2022-03-06 23:46:53,8.3018,30.1418,86.29,24,10,3.11
305,Mecca,SA,2022-03-06 23:46:54,21.4267,39.8261,75.18,63,1,2.57
306,Biskupiec,PL,2022-03-06 23:46:54,53.8647,20.9569,30.02,93,67,6.53
307,Ambon,ID,2022-03-06 23:43:50,-3.6954,128.1814,80.74,83,40,2.3
308,Dongsheng,CN,2022-03-06 23:46:55,39.8161,109.9776,30.24,31,0,5.84
309,Zurrieq,MT,2022-03-06 23:46:55,35.8311,14.4742,53.96,71,75,9.22
310,Brus Laguna,HN,2022-03-06 23:46:55,15.75,-84.4833,74.59,89,65,3.62
311,Maniitsoq,GL,2022-03-06 23:46:56,65.4167,-52.9,9.75,92,100,4.47
312,Nabire,ID,2022-03-06 23:46:56,-3.3667,135.4833,83.21,70,93,0.72
313,Carutapera,BR,2022-03-06 23:46:56,-1.195,-46.02,74.37,94,100,7.87
314,Sassandra,CI,2022-03-06 23:46:57,4.95,-6.0833,78.42,92,78,4.92
315,Abu Zabad,SD,2022-03-06 23:46:57,12.35,29.25,77.32,13,44,11.34
316,Ilebo,CD,2022-03-06 23:46:57,-4.3167,20.5833,71.83,98,100,1.21
317,Acapulco,MX,2022-03-06 23:42:39,16.8634,-99.8901,82.22,78,0,6.91
318,Punta Alta,AR,2022-03-06 23:47:58,-38.8759,-62.0736,65.44,68,100,12.01
319,Tuy Hoa,VN,2022-03-06 23:47:58,13.0833,109.3,75.06,87,94,1.28
320,Touros,BR,2022-03-06 23:47:58,-5.1989,-35.4608,74.3,80,94,13.91
321,Aksu,CN,2022-03-06 23:47:59,41.1231,80.2644,42.62,36,98,3.53
322,Meridian,US,2022-03-06 23:45:17,43.6121,-116.3915,47.8,35,20,20.71
323,Noumea,NC,2022-03-06 23:47:59,-22.2763,166.4572,87.78,99,74,8.86
324,Talnakh,RU,2022-03-06 23:47:59,69.4865,88.3972,-29.76,98,34,2.75
325,Fallon,US,2022-03-06 23:48:00,39.4735,-118.7774,47.28,34,40,13.8
326,Northam,GB,2022-03-06 23:48:00,51.0333,-4.2167,42.03,79,21,8.59
327,Manavalakurichi,IN,2022-03-06 23:48:00,8.1333,77.3,78.89,81,26,9.73
328,Los Llanos De Aridane,ES,2022-03-06 23:48:00,28.6585,-17.9182,59.13,87,0,5.75
329,Ixtapa,MX,2022-03-06 23:48:01,20.7,-105.2,76.23,73,1,8.99
330,Baie-Comeau,CA,2022-03-06 23:48:01,49.2168,-68.1489,23.0,100,100,20.71
331,Paramonga,PE,2022-03-06 23:48:02,-10.6667,-77.8333,73.22,80,56,5.86
332,Schwabach,DE,2022-03-06 23:48:03,49.3292,11.0256,31.06,59,75,9.22
333,Martapura,ID,2022-03-06 23:48:03,-3.4167,114.85,75.29,100,75,6.91
334,Weston,US,2022-03-06 23:48:03,26.1004,-80.3998,78.03,74,100,14.97
335,El Alto,PE,2022-03-06 23:48:04,-4.2714,-81.2147,74.68,72,100,3.04
336,Moose Factory,CA,2022-03-06 23:48:04,51.2585,-80.6094,21.2,63,100,9.22
337,Melville,US,2022-03-06 23:45:24,40.7934,-73.4151,67.33,81,75,3.0
338,Dicabisagan,PH,2022-03-06 23:48:05,17.0818,122.4157,76.86,73,87,1.14
339,Padang,ID,2022-03-06 23:48:05,-0.9492,100.3543,75.25,79,100,4.12
340,Torbat-E Jam,IR,2022-03-06 23:48:06,35.244,60.6225,49.55,62,82,1.07
341,Los Lunas,US,2022-03-06 23:48:06,34.8062,-106.7334,48.79,22,79,15.99
342,Akyab,MM,2022-03-06 23:48:07,20.15,92.9,71.6,40,74,6.42
343,Zhuanghe,CN,2022-03-06 23:48:07,39.7008,122.9911,35.96,82,100,6.44
344,Chumikan,RU,2022-03-06 23:48:07,54.7183,135.315,5.65,87,23,10.22
345,Klyuchevskiy,RU,2022-03-06 23:48:08,53.5317,119.4519,4.33,94,95,2.37
346,Andenes,NO,2022-03-06 23:48:08,69.3143,16.1194,33.78,93,40,13.8
347,Katangli,RU,2022-03-06 23:48:08,51.7102,143.2326,12.94,92,94,8.63
348,Coari,BR,2022-03-06 23:48:09,-4.085,-63.1414,75.02,93,86,2.35
349,Port Macquarie,AU,2022-03-06 23:46:31,-31.4333,152.9167,73.36,95,96,8.57
350,Weihai,CN,2022-03-06 23:48:09,37.5017,122.1136,39.34,66,97,12.5
351,Ciudad Bolivar,VE,2022-03-06 23:48:10,8.1222,-63.5497,84.7,48,82,12.71
352,Gimli,CA,2022-03-06 23:48:10,50.6336,-96.9907,24.82,42,79,6.91
353,Tabou,CI,2022-03-06 23:48:10,4.423,-7.3528,79.57,87,100,5.84
354,Keti Bandar,PK,2022-03-06 23:48:11,24.1447,67.4497,72.27,77,0,10.47
355,Tirodi,IN,2022-03-06 23:48:11,21.6833,79.7,68.2,23,0,3.85
356,Sambava,MG,2022-03-06 23:48:11,-14.2667,50.1667,74.7,90,93,4.27
357,Goderich,CA,2022-03-06 23:45:04,43.7501,-81.7165,38.21,80,98,11.5
358,Tecoanapa,MX,2022-03-06 23:48:12,16.5167,-98.75,82.94,57,0,10.09
359,Guangyuan,CN,2022-03-06 23:48:12,32.442,105.823,50.79,73,0,1.07
360,Wajima,JP,2022-03-06 23:48:12,37.4,136.9,38.08,69,75,3.44
361,Kroya,ID,2022-03-06 23:48:13,-7.6331,109.2461,77.56,89,99,3.89
362,Kalga,RU,2022-03-06 23:48:13,50.9251,118.898,3.74,96,92,2.57
363,North Platte,US,2022-03-06 23:48:13,41.1239,-100.7654,25.99,68,100,16.11
364,Yeppoon,AU,2022-03-06 23:48:14,-23.1333,150.7333,85.78,77,58,6.93
365,Maragogi,BR,2022-03-06 23:48:14,-9.0122,-35.2225,78.76,76,94,7.92
366,Newport,GB,2022-03-06 23:44:24,51.5877,-2.9984,40.77,76,6,1.01
367,Wukari,NG,2022-03-06 23:49:14,7.85,9.7833,80.55,58,84,8.99
368,Leh,IN,2022-03-06 23:49:15,34.1667,77.5833,17.85,83,100,3.49
369,Vila,PT,2022-03-06 23:49:15,42.0304,-8.1588,34.74,79,24,4.16
370,Taoudenni,ML,2022-03-06 23:49:15,22.6783,-3.9836,70.09,10,0,13.96
371,Bedesa,ET,2022-03-06 23:49:16,8.9,40.7833,63.03,36,60,1.88
372,Bonito,BR,2022-03-06 23:49:16,-21.1211,-56.4819,82.38,54,41,5.39
373,San Carlos De Bariloche,AR,2022-03-06 23:49:16,-41.1456,-71.3082,49.75,81,75,18.41
374,Vestmanna,FO,2022-03-06 23:49:17,62.1564,-7.1664,43.72,93,100,23.02
375,Aquiraz,BR,2022-03-06 23:49:17,-3.9014,-38.3911,77.45,86,98,9.19
376,Ocos,GT,2022-03-06 23:49:18,14.5094,-92.1933,88.3,60,37,11.79
377,Teguldet,RU,2022-03-06 23:49:18,57.3064,88.1667,32.97,98,100,9.75
378,Vetluzhskiy,RU,2022-03-06 23:49:18,58.3902,45.4654,12.63,95,100,5.08
379,Morehead,US,2022-03-06 23:49:19,37.2711,-87.1764,64.11,97,100,0.0
380,Iwanai,JP,2022-03-06 23:49:19,42.9744,140.5089,33.37,84,95,4.12
381,Kalagarh,IN,2022-03-06 23:49:19,29.5,78.75,60.55,54,100,3.2
382,Horn Lake,US,2022-03-06 23:49:20,34.9554,-90.0348,80.58,50,40,18.41
383,Naze,JP,2022-03-06 23:49:20,28.3667,129.4833,54.52,72,100,9.89
384,Balkhash,KZ,2022-03-06 23:49:21,46.844,74.9804,31.59,80,90,4.97
385,Chekalin,RU,2022-03-06 23:49:21,54.0969,36.245,28.45,94,100,7.18
386,Trinidad,BO,2022-03-06 23:49:21,-14.8333,-64.9,78.78,89,100,4.61
387,Mountain Home,US,2022-03-06 23:49:22,43.133,-115.6912,43.54,100,75,27.63
388,Honiara,SB,2022-03-06 23:49:22,-9.4333,159.95,87.6,62,66,3.83
389,Singapore,SG,2022-03-06 23:45:41,1.2897,103.8501,78.84,88,75,8.05
390,Birjand,IR,2022-03-06 23:49:23,32.8663,59.2211,46.87,25,0,4.61
391,Tuljapur,IN,2022-03-06 23:49:23,18.0,76.0833,73.2,55,12,11.39
392,Ambilobe,MG,2022-03-06 23:49:23,-13.2,49.05,71.4,93,97,1.59
393,Ulaangom,MN,2022-03-06 23:49:24,49.9811,92.0667,0.19,88,100,2.82
394,Langsa,ID,2022-03-06 23:49:24,4.4683,97.9683,74.34,94,100,2.73
395,The Valley,AI,2022-03-06 23:49:24,18.217,-63.0578,77.09,78,20,13.8
396,Yumen,CN,2022-03-06 23:49:25,40.2833,97.2,34.36,36,60,7.76
397,Excelsior Springs,US,2022-03-06 23:49:25,39.3392,-94.2261,38.17,86,100,11.5
398,Anloga,GH,2022-03-06 23:49:25,5.7947,0.8973,82.62,82,9,9.8
399,Clyde River,CA,2022-03-06 23:49:26,70.4692,-68.5914,-5.57,77,0,6.91
400,Chaohu,CN,2022-03-06 23:49:26,31.6,117.8667,48.31,78,100,3.58
401,Brae,GB,2022-03-06 23:49:27,60.3964,-1.353,44.51,75,100,17.18
402,Halvad,IN,2022-03-06 23:49:27,23.0167,71.1833,70.16,56,80,7.02
403,Port Keats,AU,2022-03-06 23:49:28,-14.25,129.55,83.52,70,100,4.81
404,Kalabo,ZM,2022-03-06 23:49:28,-14.97,22.6814,66.67,96,77,1.97
405,Ukiah,US,2022-03-06 23:49:29,39.1502,-123.2078,66.52,34,0,0.0
406,Katsuura,JP,2022-03-06 23:49:29,35.1333,140.3,50.18,38,23,17.4
407,Gamba,GA,2022-03-06 23:49:29,-2.65,10.0,79.88,86,99,3.24
408,Iqaluit,CA,2022-03-06 23:47:11,63.7506,-68.5145,-20.56,91,10,6.38
409,Fairview,US,2022-03-06 23:49:30,40.8126,-73.999,69.62,74,0,15.01
410,Mitu,CO,2022-03-06 23:49:30,1.1983,-70.1733,73.56,94,69,3.09
411,Sabang,ID,2022-03-06 23:49:30,5.8933,95.3214,82.24,73,98,9.19
412,Buguruslan,RU,2022-03-06 23:49:31,53.6554,52.442,-3.82,100,78,3.04
413,Zwedru,LR,2022-03-06 23:49:31,6.0667,-8.1281,74.75,96,52,3.89
414,Brownfield,US,2022-03-06 23:50:31,33.1812,-102.2744,67.91,12,23,24.65
415,Fairfield,US,2022-03-06 23:49:32,41.2668,-73.3162,65.46,84,20,1.99
416,Thunder Bay,CA,2022-03-06 23:46:25,48.4001,-89.3168,29.55,83,100,5.75
417,Poso,ID,2022-03-06 23:50:32,-1.3959,120.7524,80.8,76,92,0.89
418,Ranot,TH,2022-03-06 23:50:32,7.7777,100.3213,81.14,80,96,9.28
419,Uyemskiy,RU,2022-03-06 23:50:32,64.4743,40.8524,1.45,77,100,8.95
420,Puerto Palomas,MX,2022-03-06 23:50:33,31.7667,-107.6167,56.53,13,0,23.22
421,Beyla,GN,2022-03-06 23:50:33,8.6833,-8.6333,79.18,48,91,1.07
422,Nouakchott,MR,2022-03-06 23:50:33,18.0858,-15.9785,66.13,50,9,10.38
423,Ust-Kuyga,RU,2022-03-06 23:50:34,70.0167,135.6,-29.88,100,99,3.27
424,Pangody,RU,2022-03-06 23:50:34,65.85,74.4859,-33.16,99,82,8.48
425,Acarau,BR,2022-03-06 23:50:34,-2.8856,-40.12,78.22,86,81,8.39
426,Burns Lake,CA,2022-03-06 23:50:35,54.2331,-125.7533,42.22,84,100,2.28
427,Severobaykalsk,RU,2022-03-06 23:50:35,55.65,109.3167,20.89,96,100,2.84
428,Salalah,OM,2022-03-06 23:50:35,17.0151,54.0924,70.25,53,11,2.04
429,Ngunguru,NZ,2022-03-06 23:50:36,-35.6167,174.5,74.16,75,100,13.35
430,Hualmay,PE,2022-03-06 23:50:36,-11.0964,-77.6139,72.79,80,64,4.59
431,Paris,FR,2022-03-06 23:50:37,48.8534,2.3488,39.07,66,0,4.0
432,Broken Hill,AU,2022-03-06 23:50:37,-31.95,141.4333,65.91,63,0,14.97
433,Horsham,GB,2022-03-06 23:50:37,51.064,-0.3272,41.94,76,40,8.05
434,Ciudad Guayana,VE,2022-03-06 23:50:38,8.3533,-62.6528,84.52,64,86,8.86
435,Shaunavon,CA,2022-03-06 23:50:38,49.6501,-108.4181,20.98,92,95,4.47
436,Ucluelet,CA,2022-03-06 23:50:38,48.9329,-125.5528,55.04,87,68,1.45
437,Russell,US,2022-03-06 23:50:39,32.3502,-85.1999,79.83,53,20,5.75
438,Sur,OM,2022-03-06 23:50:39,22.5667,59.5289,75.67,58,1,9.26
439,Santa Isabel Do Rio Negro,BR,2022-03-06 23:50:39,-0.4139,-65.0192,75.16,87,99,1.97
440,Koungou,YT,2022-03-06 23:50:40,-12.7336,45.2042,80.31,89,0,5.75
441,Koforidua,GH,2022-03-06 23:50:40,6.0941,-0.2591,81.09,88,10,3.89
442,Suntar,RU,2022-03-06 23:50:40,62.1444,117.6319,-12.95,100,80,3.83
443,San Quintin,MX,2022-03-06 23:50:41,30.4833,-115.95,58.57,58,5,19.3
444,Mount Isa,AU,2022-03-06 23:50:41,-20.7333,139.5,83.97,28,5,12.66
445,Chokurdakh,RU,2022-03-06 23:50:41,70.6333,147.9167,-23.06,100,92,1.83
446,Camden,US,2022-03-06 23:49:50,39.7835,-74.9663,69.75,74,100,3.0
447,Mongomo,GQ,2022-03-06 23:50:42,1.6274,11.3135,68.02,98,96,2.17
448,Kisanga,TZ,2022-03-06 23:50:42,-7.4362,37.7034,72.0,95,38,0.72
449,Kaeo,NZ,2022-03-06 23:50:42,-35.1,173.7833,74.32,78,89,12.24
450,Murgab,TM,2022-03-06 23:47:46,37.4966,61.9714,49.87,50,75,6.91
451,Benito Juarez,MX,2022-03-06 23:46:52,19.385,-99.165,77.85,27,42,8.01
452,Port Blair,IN,2022-03-06 23:50:43,11.6667,92.75,75.24,94,40,1.14
453,Mirnyy,RU,2022-03-06 23:50:43,62.5353,113.9611,-15.9,100,99,3.71
454,Yurgamysh,RU,2022-03-06 23:50:43,55.3714,64.4656,-2.45,95,100,11.12
455,Dovolnoye,RU,2022-03-06 23:50:44,54.4958,79.6671,32.88,87,100,21.56
456,Tiksi,RU,2022-03-06 23:50:44,71.6872,128.8694,-23.93,99,84,0.87
457,Chernogorsk,RU,2022-03-06 23:50:45,53.8236,91.2842,31.57,80,0,6.71
458,Ormara,PK,2022-03-06 23:51:45,25.2088,64.6357,73.0,79,0,12.59
459,Ilulissat,GL,2022-03-06 23:51:45,69.2167,-51.1,5.67,96,100,9.73
460,Zinder,NE,2022-03-06 23:51:45,13.8072,8.9881,82.09,9,71,7.43
461,Concordia,AR,2022-03-06 23:51:46,-31.393,-58.0209,73.78,96,95,8.05
462,Motygino,RU,2022-03-06 23:51:46,58.1831,94.7592,26.15,97,100,1.74
463,Mount Gambier,AU,2022-03-06 23:51:47,-37.8333,140.7667,60.71,88,100,13.8
464,Gizo,SB,2022-03-06 23:51:47,-8.103,156.8419,84.78,69,100,4.12
465,Sistranda,NO,2022-03-06 23:51:47,63.7256,8.834,42.91,85,100,36.71
466,Harper,LR,2022-03-06 23:51:48,4.375,-7.7169,79.95,86,94,5.1
467,Lompoc,US,2022-03-06 23:51:48,34.6391,-120.4579,63.79,67,0,23.02
468,Praia Da Vitoria,PT,2022-03-06 23:51:48,38.7333,-27.0667,62.85,88,75,26.11
469,Bitung,ID,2022-03-06 23:51:49,1.4451,125.1824,79.65,77,100,8.75
470,Dunedin,NZ,2022-03-06 23:47:39,-45.8742,170.5036,53.8,86,100,3.0
471,Buraydah,SA,2022-03-06 23:51:49,26.326,43.975,77.45,24,99,16.82
472,Kovdor,RU,2022-03-06 23:51:49,67.5662,30.4758,4.12,99,99,2.35
473,Sokoni,TZ,2022-03-06 23:51:50,-6.4333,39.55,79.09,72,29,6.98
474,Goldsboro,US,2022-03-06 23:50:40,35.3849,-77.9928,75.51,60,0,11.5
475,Henties Bay,NA,2022-03-06 23:51:50,-22.116,14.2845,60.85,86,31,4.27
476,Anshun,CN,2022-03-06 23:51:51,26.25,105.9333,47.52,76,18,1.86
477,Hatton,LK,2022-03-06 23:47:25,6.8916,80.5955,58.8,92,51,1.92
478,Aleksandrov Gay,RU,2022-03-06 23:51:51,50.147,48.5704,8.28,93,10,7.31
479,Tiarei,PF,2022-03-06 23:51:51,-17.5333,-149.3333,84.0,75,31,14.54
480,Panzhihua,CN,2022-03-06 23:51:52,26.5851,101.7128,52.03,61,0,1.77
481,Vitim,RU,2022-03-06 23:51:52,59.4511,112.5578,-2.07,100,100,2.86
482,Bardiyah,LY,2022-03-06 23:51:52,31.7561,25.0865,56.82,89,0,2.13
483,Butembo,CD,2022-03-06 23:51:53,0.15,29.2833,58.24,90,32,3.06
484,Duxbury,US,2022-03-06 23:51:53,42.0418,-70.6723,61.21,88,40,23.02
485,Vao,NC,2022-03-06 23:51:54,-22.6667,167.4833,79.03,79,87,13.22
486,Kizema,RU,2022-03-06 23:51:54,61.113,44.8302,7.0,90,100,5.44
487,Yokadouma,CM,2022-03-06 23:51:54,3.5167,15.05,70.36,78,53,2.37
488,Aklavik,CA,2022-03-06 23:51:55,68.2191,-135.0107,20.12,85,99,18.7
489,Boueni,YT,2022-03-06 23:51:55,-12.9025,45.0761,80.58,78,66,9.48
490,Uthal,PK,2022-03-06 23:51:55,25.8072,66.6219,70.39,79,0,2.48
491,Daphne,US,2022-03-06 23:51:56,30.6035,-87.9036,74.68,67,100,13.8
492,Ust-Nera,RU,2022-03-06 23:51:56,64.5667,143.2,-11.87,97,99,0.83
493,Khao Yoi,TH,2022-03-06 23:51:57,13.2403,99.8243,82.98,78,67,2.91
494,Ypsonas,CY,2022-03-06 23:51:57,34.6884,32.9574,54.28,77,30,6.64
495,Victor Harbor,AU,2022-03-06 23:51:57,-35.5667,138.6167,68.79,85,99,12.57
496,Pangkalanbuun,ID,2022-03-06 23:51:58,-2.6833,111.6167,76.41,89,97,2.08
497,Ahipara,NZ,2022-03-06 23:51:58,-35.1667,173.1667,76.03,56,96,6.26
498,Erzin,TR,2022-03-06 23:51:58,36.9559,36.2,48.72,86,84,6.2
499,Rognan,NO,2022-03-06 23:51:59,67.0953,15.3878,37.54,95,100,5.61
500,Saint-Joseph,RE,2022-03-06 23:51:59,-21.3667,55.6167,75.58,84,99,15.68
501,Anqiu,CN,2022-03-06 23:51:59,36.4342,119.1925,42.98,45,61,10.09
502,Tartagal,AR,2022-03-06 23:52:00,-22.5164,-63.8013,85.14,54,99,11.07
503,Bluffton,US,2022-03-06 23:47:01,32.2371,-80.8604,75.22,83,0,1.01
504,Saldanha,ZA,2022-03-06 23:52:00,-33.0117,17.9442,68.05,91,12,17.92
505,Corinto,GR,2022-03-06 23:53:00,37.9407,22.9573,54.68,66,91,5.5
506,Walvis Bay,NA,2022-03-06 23:53:01,-22.9575,14.5053,61.09,94,12,3.44
507,Antalaha,MG,2022-03-06 23:53:01,-14.9003,50.2788,75.13,89,97,7.31
508,Aseri,EE,2022-03-06 23:53:01,59.4506,26.8675,30.74,97,100,9.71
509,Ancud,CL,2022-03-06 23:53:02,-41.8697,-73.8203,56.73,92,87,15.21
510,Kristinehamn,SE,2022-03-06 23:53:02,59.3098,14.1081,39.04,81,73,6.33
511,Cururupu,BR,2022-03-06 23:52:38,-1.8283,-44.8683,73.11,99,100,3.2
512,Privas,FR,2022-03-06 23:53:03,44.5833,4.5,39.56,63,0,4.76
513,Bud,US,2022-03-06 23:53:03,39.447,-86.1758,61.3,64,46,5.84
514,Ostrovnoy,RU,2022-03-06 23:53:03,68.0531,39.5131,9.09,88,100,4.79
515,Garowe,SO,2022-03-06 23:53:04,8.4054,48.4845,65.3,80,9,9.98
516,Tevriz,RU,2022-03-06 23:53:04,57.509,72.4042,9.68,95,100,6.06
517,Palauig,PH,2022-03-06 23:53:04,15.435,119.9045,80.8,69,61,1.3
518,Port Hedland,AU,2022-03-06 23:53:05,-20.3167,118.5667,84.25,79,14,5.75
519,Lapua,FI,2022-03-06 23:53:05,62.9693,23.0088,27.28,97,72,4.52
520,Bathsheba,BB,2022-03-06 23:53:05,13.2167,-59.5167,77.61,73,20,21.85
521,Agirish,RU,2022-03-06 23:53:06,61.9247,63.0231,-14.66,95,100,9.8
522,Ipixuna,BR,2022-03-06 23:53:06,-1.7625,-48.8043,75.15,98,100,2.71
523,Takaka,NZ,2022-03-06 23:53:06,-40.85,172.8,71.56,58,90,6.87
524,Urumqi,CN,2022-03-06 23:53:07,43.801,87.6005,29.35,80,100,4.47
525,Betafo,MG,2022-03-06 23:53:07,-19.8333,46.85,59.77,89,43,5.75
526,Mahoba,IN,2022-03-06 23:53:07,25.2833,79.8667,63.86,33,69,6.29
527,Iquitos,PE,2022-03-06 23:53:08,-3.7481,-73.2472,77.04,94,75,5.75
528,Christchurch,NZ,2022-03-06 23:49:26,-43.5333,172.6333,63.91,80,100,11.5
529,Ketchikan,US,2022-03-06 23:53:08,55.3422,-131.6461,42.78,88,100,3.47
530,Carballo,ES,2022-03-06 23:53:09,43.213,-8.691,45.86,89,12,3.06
531,Toamasina,MG,2022-03-06 23:53:09,-18.1667,49.3833,77.0,94,75,9.22
532,Atar,MR,2022-03-06 23:53:09,20.5169,-13.0499,64.9,19,0,8.39
533,Nikolayevsk-Na-Amure,RU,2022-03-06 23:53:10,53.1406,140.73,13.68,91,100,2.66
534,Tanout,NE,2022-03-06 23:53:10,14.9709,8.8879,82.08,10,29,7.67
535,Mizan Teferi,ET,2022-03-06 23:53:10,6.9833,35.5833,67.89,57,100,3.38
536,Namatanai,PG,2022-03-06 23:53:11,-3.6667,152.4333,85.3,65,64,4.14
537,Uhlove,UA,2022-03-06 23:53:11,44.8215,33.6045,37.02,80,25,3.56
538,Tocopilla,CL,2022-03-06 23:51:54,-22.092,-70.1979,70.79,79,65,6.31
539,Chicama,PE,2022-03-06 23:53:12,-7.8447,-79.1469,70.34,66,73,5.82
540,Platteville,US,2022-03-06 23:53:12,42.7342,-90.4785,35.58,86,100,10.36
541,Banda Aceh,ID,2022-03-06 23:53:12,5.5577,95.3222,78.35,83,94,7.87
542,Beidao,CN,2022-03-06 23:53:13,34.5686,105.8933,41.52,45,0,4.47
543,Luwingu,ZM,2022-03-06 23:53:13,-10.2621,29.9271,62.51,98,100,3.31
544,Ambovombe,MG,2022-03-06 23:53:14,-25.1667,46.0833,72.39,91,2,6.69
545,Zhurivka,UA,2022-03-06 23:53:14,50.5028,31.7849,28.54,77,27,6.76
